dataset,accu_hotpot,accu_hotpot-without-mmt,accu_hotpot-without-object-label,accu_hotpot-lorra,accu_m4c,accu_tap,accu_lorra,accu_ocr,accu_object,accu_question
whole,0.4532199999999988,0.41379999999999845,0.4541599999999994,0.29181999999999864,0.39233999999999847,0.49846000000000024,0.2757399999999988,0.25255999999999906,0.12719999999999987,0.18999999999999942
val_hard,0.0,0.0,0.0,0.0,0.0,0.0,0.0,0.0,0.0,0.0
val_pos_question,0.4315151515151518,0.372929292929293,0.43757575757575773,0.2266666666666666,0.35090909090909095,0.44929292929292947,0.20969696969696963,0.2026262626262626,0.1028282828282828,0.13131313131313124
val_no_ocr_contain_gt,0.3123206333498266,0.26561108362196945,0.31771400296882707,0.19520039584364204,0.2788718456209797,0.3537852548243439,0.16759030183077706,0.07872340425531912,0.03884215734784758,0.15101434933201405
val_both_ocr_contain_gt,0.6203380876914931,0.5753829899630206,0.6181193872160574,0.391917591125198,0.6041732699418895,0.6709455890121483,0.4549920760697301,0.43322768092974073,0.22128895932382486,0.24374009508716352
